<?xml version="1.0" encoding="utf-8" ?>
<extension type="component" version="3.8" method="upgrade">
	<name>COM_CONGRESO</name>
	<creationDate>04/05/2018</creationDate>
	<author>achacon</author>
	<authorEmail>your@email.com</authorEmail>
	<authorUrl>http://your.url.com</authorUrl>
	<copyright>A copyright</copyright>
	<license>GNU General Public License version 2 or later; see LICENSE.txt</license>
	<version>1.0</version>
	<description>COM_CONGRESO_XML_DESCRIPTION</description>

	<!-- Scripts to run on installation -->
	<scriptfile>script.php</scriptfile>

	<!-- Runs on install -->
	<install>
		<sql>
			<file driver="mysql" charset="utf8">sql/install/mysql/mysql.sql</file>
		</sql>
	</install>

	<!-- Runs on update -->
	<update>
		<schemas>
			<schemapath type="mysql">sql/updates/mysql</schemapath>
		</schemas>
	</update>

	<!-- Media files -->
	<media folder="media/com_congreso" destination="com_congreso">
		<folder>css</folder>
		<folder>images</folder>
		<folder>js</folder>
	</media>

	<!-- Front-end files -->
	<files folder="components/com_congreso">
		<filename>congreso.php</filename>
		<filename>controller.php</filename>
		<folder>controllers</folder>
		<folder>language</folder>
		<folder>layouts</folder>
		<folder>models</folder>
		<folder>views</folder>
	</files>

	<!-- Back-end files -->
	<administration>
		<!-- Menu entries -->
		<menu view="congreso">COM_CONGRESO</menu>
		<submenu>
			<!--<menu link="option=com_congreso">Congresos</menu>-->
			<menu view="congresos">Congresos</menu>
			<!--<menu link="com_categories&amp;extension=com_congreso">Categorias</menu>-->
			<menu link="option=com_categories&amp;view=categories&amp;extension=com_congreso">Categorias</menu>
		</submenu>

		<!-- Core files -->
		<files folder="administrator/components/com_congreso">
			<filename>congreso.php</filename>
			<filename>access.xml</filename>
			<filename>config.xml</filename>
			<filename>controller.php</filename>
			<filename>LICENSE.txt</filename>
			<folder>controllers</folder>
			<folder>helpers</folder>
			<folder>language</folder>
			<folder>models</folder>
			<folder>sql</folder>
			<folder>tables</folder>
			<folder>views</folder>
		</files>
	</administration>

	<!-- Update servers -->
	<updateservers>
		<server type="extension" priority="1" name="congreso">https://www.example.com/congreso.xml</server>
	</updateservers>
</extension>
